USERID,MOVIEID
1,968
1,3153
1,2867
1,2467
1,2287
1,3262
1,2138
1,2020
1,1591
1,2167
2,48780
2,778
2,296
2,47
2,4226
2,2329
2,1682
2,858
2,1206
2,1221
3,1223
3,1079
3,1023
3,924
3,235
3,38038
3,7247
3,4980
3,3429
3,745
4,2696
4,2333
4,2275
4,1277
4,1059
4,1178
4,1175
4,1132
4,627
4,1245
5,494
5,1073
5,62
5,236
5,25
5,780
5,47
5,377
5,454
5,14
6,788
6,653
6,255
6,328
6,673
6,1356
6,1359
6,172
6,338
6,39
7,288
7,475
7,58559
7,48394
7,1090
7,55820
7,54997
7,8132
7,541
7,54286
8,223
8,648
8,19
8,95
8,288
8,165
8,508
8,17
8,1
8,151
9,293
9,6333
9,3578
9,260
9,1210
9,1196
9,4963
9,1197
9,1527
9,2194
10,318
10,166643
10,6732
10,157296
10,112552
10,134368
10,134393
10,1
10,1704
10,1197
11,168
11,471
11,1356
11,494
11,553
11,293
11,86
11,112
11,266
11,353
12,239
12,135
12,46972
12,33669
12,1907
12,4016
12,7293
12,76093
12,96588
12,317
13,3499
13,2628
13,368
13,1994
13,2683
13,3114
13,1258
13,876
13,1221
13,1196
14,185
14,357
14,253
14,34
14,151
14,165
14,1
14,62
14,246
14,648
15,55363
15,96079
15,2078
15,899
15,104879
15,175303
15,88125
15,2288
15,142488
15,8376
16,1240
16,1732
16,480
16,589
16,592
16,1032
16,1090
16,2502
16,3039
16,1
17,588
17,364
17,4878
17,122924
17,44199
17,778
17,6
17,1199
17,2078
17,1682
18,2288
18,2010
18,1979
18,1333
18,1253
18,1250
18,1232
18,968
18,1272
18,2302
19,2007
19,1962
19,1358
19,1090
19,633
19,337
19,187
19,2948
19,3404
19,3200
20,47099
20,4787
20,4857
20,2942
20,1046
20,1246
20,62
20,71057
20,8641
20,53894
21,3535
21,1080
21,96610
21,93838
21,164367
21,115122
21,85367
21,2394
21,1219
21,1201
22,741
22,3000
22,72226
22,2329
22,4011
22,1222
22,1200
22,1196
22,1090
22,1274
23,33138
23,32387
23,31364
23,27397
23,26840
23,26082
23,6368
23,5244
23,31410
23,4640
24,39444
24,4901
24,54999
24,54995
24,54736
24,37733
24,47997
24,47200
24,40583
24,52328
25,1196
25,112556
25,5445
25,168252
25,122918
25,48780
25,3147
25,48516
25,33794
25,112552
26,7
26,104
26,216
26,333
26,648
26,62
26,110
26,590
26,595
26,32
27,1248
27,2067
27,2202
27,3035
27,3153
27,3066
27,955
27,1212
27,1243
27,1284
28,1203
28,348
28,101
28,919
28,1225
28,6300
28,70
28,11
28,1408
28,2797
29,6
29,16
29,4034
29,5630
29,7445
29,8798
29,30707
29,72011
29,1884
29,2324
30,2028
30,527
30,356
30,63082
30,112556
30,5445
30,2959
30,122924
30,48516
30,4226
31,838
31,1101
31,647
31,661
31,36
31,800
31,14
31,86
31,805
31,593
32,800
32,762
32,589
32,924
32,9
32,112
32,737
32,11
32,838
32,805
33,148
33,99
33,85
33,720
33,5991
33,2563
33,1680
33,1223
33,1066
33,745
34,6548
34,34338
34,1408
34,1617
34,1287
34,1356
34,380
34,4846
34,5903
34,6
35,207
35,474
35,270
35,95
35,27
35,151
35,223
35,246
35,289
35,280
36,541
36,923
36,7143
36,529
36,32
36,471
36,441
36,750
36,912
36,909
37,364
37,367
37,10
37,47
37,110
37,553
37,1
37,589
37,168
37,471
38,345
38,7
38,442
38,348
38,36
38,594
38,185
38,34
38,95
38,265
39,1023
39,954
39,940
39,661
39,1024
39,333
39,216
39,157
39,151
39,362
40,50
40,47
40,497
40,246
40,333
40,195
40,15
40,249
40,10
40,349
41,306
41,7156
41,8798
41,73023
41,91077
41,5630
41,7371
41,159817
41,177593
41,170705
42,3972
42,2106
42,5500
42,7173
42,53322
42,5903
42,7439
42,4306
42,5283
42,4896
43,104
43,216
43,673
43,328
43,255
43,267
43,370
43,248
43,383
43,516
44,879
44,782
44,647
44,1049
44,886
44,1042
44,765
44,1047
44,467
44,88
45,60069
45,2490
45,58559
45,7387
45,58
45,288
45,51662
45,31696
45,7439
45,7373
46,480
46,337
46,34
46,296
46,21
46,47
46,356
46,500
46,410
46,377
47,74946
47,8360
47,5299
47,1197
47,157296
47,3114
47,104374
47,6287
47,6763
47,7293
48,3471
48,3702
48,435
48,6303
48,5502
48,3033
48,1394
48,1278
48,3703
48,3175
49,136864
49,106696
49,912
49,115617
49,1221
49,858
49,588
49,364
49,2687
49,69844
50,6936
50,1073
50,1282
50,2174
50,2640
50,2761
50,2788
50,3499
50,1035
50,953
51,1096
51,8368
51,64969
51,27523
51,8014
51,5690
51,3072
51,1203
51,8968
51,920
52,527
52,296
52,50
52,32
52,64716
52,104879
52,593
52,4027
52,2078
52,589
53,1635
53,750
53,899
53,318
53,720
53,541
53,235
53,3087
53,2352
53,54272
54,11
54,434
54,292
54,141
54,471
54,2
54,34
54,171
54,527
54,357
55,5513
55,1466
55,1483
55,1729
55,3424
55,5059
55,40148
55,6016
55,16
55,4034
56,595
56,590
56,587
56,266
56,282
56,50
56,500
56,377
56,32
56,150
57,2078
57,3152
57,2901
57,1178
57,1934
57,1258
57,1238
57,1104
57,2550
57,2203
58,257
58,491
58,6
58,111
58,305
58,431
58,471
58,1
58,17
58,60
59,1949
59,951
59,246
59,3741
59,1203
59,7153
59,954
59,4993
59,2064
59,6650
60,69481
60,1
60,95
60,494
60,628
60,376
60,1073
60,5299
60,7361
60,780
61,1374
61,7025
61,920
61,6787
61,4322
61,7028
61,26704
61,1210
61,58
61,288
62,86882
62,1356
62,923
62,367
62,588
62,1527
62,4446
62,94959
62,1209
62,2078
63,741
63,72226
63,1274
63,1753
63,333
63,64839
63,3527
63,163
63,68237
63,5225
64,1962
64,33162
64,6993
64,4649
64,3814
64,348
64,3677
64,3618
64,44761
64,101
65,36
65,68358
65,64716
65,3114
65,1193
65,593
65,364
65,1
65,1213
65,8950
66,58559
66,60069
66,61240
66,68157
66,71535
66,79702
66,48738
66,1219
66,7387
66,1129
67,2194
67,122924
67,48516
67,4226
67,60684
67,59315
67,112556
67,5445
67,33166
67,6333
68,524
68,497
68,417
68,322
68,290
68,151
68,599
68,94
68,720
68,475
69,1784
69,1209
69,1080
69,44199
69,79132
69,3949
69,778
69,6
69,293
69,1755
70,553
70,1276
70,1104
70,1080
70,926
70,920
70,918
70,899
70,551
70,441
71,6
71,593
71,858
71,805
71,661
71,36
71,58
71,800
71,838
71,141
72,1201
72,1732
72,1206
72,1240
72,3578
72,5952
72,2194
72,7099
72,6350
72,5618
73,47
73,110
73,34405
73,48516
73,86882
73,88129
73,96610
73,8950
73,1201
73,32
74,497
74,2131
74,3741
74,457
74,515
74,7940
74,17
74,527
74,534
74,36
75,1222
75,1136
75,1089
75,1080
75,70
75,50
75,2858
75,296
75,63082
75,778
76,8950
76,72226
76,69481
76,68237
76,3000
76,2716
76,1527
76,741
76,5225
76,1274
77,112852
77,59315
77,68358
77,93510
77,95510
77,111759
77,115617
77,122904
77,27611
77,96821
78,4973
78,1193
78,912
78,63082
78,56174
78,858
78,1196
78,2329
78,1221
78,58559
79,3996
79,4438
79,4441
79,4444
79,4701
79,1287
79,1370
79,3107
79,1214
79,876
80,36517
80,2791
80,2761
80,68848
80,130518
80,333
80,586
80,1148
80,1753
80,2005
81,539
81,648
81,19
81,593
81,595
81,2
81,780
81,1356
81,34
81,590
82,527
82,2797
82,7439
82,4846
82,3897
82,5956
82,33162
82,1408
82,1287
82,1267
83,54001
83,81834
83,8950
83,899
83,1197
83,72226
83,68237
83,5225
83,1274
83,741
84,125
84,175
84,176
84,290
84,198
84,750
84,1211
84,1183
84,1204
84,728
85,110
85,28
85,39
85,265
85,613
85,339
85,428
85,446
85,588
85,337
86,899
86,364
86,33166
86,50
86,4878
86,8784
86,4973
86,5816
86,6333
86,2194
87,26147
87,7099
87,81845
87,68954
87,60069
87,59387
87,38304
87,8738
87,1207
87,6408
88,588
88,115149
88,81834
88,88125
88,899
88,69844
88,1197
88,2078
88,51662
88,54001
89,110771
89,55245
89,40581
89,80139
89,98083
89,103883
89,162344
89,128914
89,160271
89,104925
90,661
90,648
90,1059
90,671
90,457
90,94
90,593
90,783
90,838
90,800
91,79702
91,60069
91,61240
91,68157
91,71535
91,562
91,5013
91,6460
91,2490
91,58559
92,2428
92,55391
92,2826
92,2490
92,30803
92,32
92,6502
92,53000
92,66320
92,27674
93,1407
93,1686
93,1610
93,1466
93,1385
93,1207
93,1079
93,954
93,1726
93,1242
94,780
94,1
94,186
94,595
94,300
94,474
94,454
94,50
94,648
94,151
95,6300
95,412
95,4848
95,4014
95,51935
95,33437
95,8371
95,899
95,902
95,2951
96,1584
96,356
96,1127
96,1197
96,1206
96,1376
96,1391
96,1573
96,47
96,1653
97,7361
97,33794
97,1500
97,3000
97,33679
97,8636
97,8665
97,8798
97,5690
97,3499
98,80463
98,70286
98,67255
98,5971
98,2355
98,2019
98,1262
98,908
98,170705
98,166024
99,356
99,203
99,440
99,350
99,491
99,377
99,62
99,16
99,15
99,188
100,2160
100,2686
100,3100
100,6380
100,7078
100,7669
100,8580
100,918
100,2067
100,1947
101,368
101,356
101,2761
101,2763
101,3409
101,3916
101,5014
101,968
101,2571
101,3114
102,1
102,257
102,110
102,508
102,261
102,203
102,60
102,48
102,32
102,50
103,2788
103,6807
103,2398
103,904
103,2641
103,115149
103,899
103,1080
103,898
103,115617
104,111921
104,1172
104,27803
104,89118
104,899
104,915
104,916
104,97304
104,96588
104,106696
105,7156
105,4848
105,3741
105,3470
105,3176
105,2318
105,2160
105,319
105,1231
105,6887
106,102125
106,106072
106,3825
106,4022
106,8361
106,91542
106,49649
106,4963
106,1
106,64716
107,595
107,236
107,589
107,588
107,364
107,34
107,50
107,32
107,480
107,457
108,260
108,8636
108,3948
108,3
108,62
108,104
108,527
108,524
108,317
108,318
109,260
109,494
109,176
109,164
109,17
109,508
109,337
109,1
109,491
109,373
110,1230
110,1197
110,750
110,159817
110,142115
110,1259
110,78499
110,1704
110,1199
110,1225
111,3681
111,2951
111,2467
111,1209
111,187593
111,93838
111,56782
111,1203
111,1080
111,4007
112,87234
112,40815
112,1246
112,5816
112,8368
112,54001
112,56367
112,96821
112,117192
112,106642
113,2324
113,4993
113,3549
113,5034
113,2295
113,4495
113,906
113,595
113,497
113,2565
114,98243
114,98491
114,2078
114,81847
114,899
114,50
114,30816
114,1197
114,160718
114,1193
115,1020
115,1357
115,1307
115,1569
115,1665
115,1753
115,2294
115,2539
115,2542
115,1405
116,53996
116,1073
116,1968
116,4022
116,6874
116,7438
116,1196
116,2502
116,1358
116,1210
117,218
117,222
117,543
117,45
117,337
117,14
117,260
117,373
117,342
117,265
118,903
118,1960
118,2019
118,2357
118,2324
118,2325
118,2065
118,1208
118,92259
118,4865
119,106100
119,177593
119,32
119,47
119,110
119,4226
119,8950
119,96821
119,899
119,1197
120,1
120,748
120,671
120,1356
120,1407
120,662
120,640
120,1393
120,832
120,785
121,218
121,222
121,7
121,249
121,293
121,280
121,362
121,529
121,543
121,277
122,357
122,431
122,1234
122,1250
122,1253
122,1272
122,2302
122,2268
122,2010
122,1979
123,1682
123,3147
123,2078
123,899
123,364
123,88125
123,69844
123,54001
123,92259
123,79091
124,4306
124,3578
124,2194
124,6350
124,5618
124,1732
124,1240
124,1206
124,1201
124,7099
125,2124
125,2023
125,1961
125,1645
125,53322
125,8984
125,1203
125,50804
125,104841
125,1219
126,32
126,317
126,19
126,1
126,597
126,587
126,527
126,10
126,225
126,539
127,1207
127,5618
127,4973
127,3275
127,4011
127,27831
127,3000
127,902
127,2161
127,32
128,122924
128,63082
128,4993
128,1288
128,858
128,1204
128,1214
128,1221
128,111
128,541
129,2700
129,51255
129,5225
129,475
129,111
129,4223
129,69481
129,68237
129,68157
129,11
130,356
130,50
130,39
130,47
130,364
130,367
130,377
130,454
130,593
130,32
131,5690
131,52328
131,35836
131,164179
131,122886
131,76093
131,1199
131,44199
131,7981
131,54503
132,938
132,342
132,89864
132,89118
132,81591
132,27803
132,971
132,952
132,918
132,105
133,316
133,34
133,595
133,39
133,151
133,509
133,357
133,292
133,160
133,329
134,10
134,261
134,257
134,237
134,203
134,158
134,60
134,282
134,508
134,440
135,1616
135,1620
135,1687
135,1801
135,2126
135,2338
135,2490
135,69
135,1641
135,337
136,1356
136,673
136,653
136,542
136,524
136,516
136,383
136,319
136,246
136,1073
137,906
137,965
137,1094
137,1696
137,1573
137,1631
137,41
137,1224
137,6333
137,1151
138,2805
138,125
138,4226
138,48385
138,2431
138,1027
138,344
138,1801
138,2046
138,318
139,165
139,329
139,130518
139,68848
139,36517
139,5669
139,1610
139,5618
139,31658
139,56171
140,3814
140,3677
140,1203
140,1283
140,1253
140,1219
140,940
140,6993
140,1258
140,111
141,1274
141,115149
141,88125
141,899
141,72226
141,68237
141,5225
141,741
141,142488
141,4034
142,185
142,288
142,151
142,110
142,454
142,329
142,32
142,39
142,316
142,160
143,6732
143,7458
143,33794
143,49272
143,71579
143,91529
143,96079
143,136020
143,47099
143,79091
144,2324
144,1784
144,1968
144,50
144,58
144,551
144,553
144,555
144,1259
144,1358
145,225
145,32
145,47
145,266
145,377
145,457
145,454
145,367
145,364
145,39
146,2139
146,2398
146,2454
146,2501
146,3168
146,1619
146,296
146,2664
146,327
146,55282
147,1233
147,1278
147,2406
147,1252
147,1625
147,5060
147,1288
147,1035
147,1090
147,7143
148,1
148,92259
148,164179
148,141718
148,122900
148,119145
148,71264
148,1097
148,122892
148,3147
149,6333
149,2035
149,1931
149,953
149,916
149,905
149,317
149,2208
149,1358
149,2987
150,65
150,783
150,593
150,17
150,1
150,838
150,800
150,832
150,94
150,260
151,762
151,891
151,805
151,886
151,467
151,88
151,76
151,1042
151,782
151,647
152,2324
152,109487
152,112552
152,112183
152,1201
152,1247
152,903
152,912
152,68954
152,4973
153,2160
153,2712
153,104374
153,116897
153,104879
153,87869
153,55820
153,7173
153,6763
153,6287
154,30816
154,40629
154,98491
154,81847
154,160718
154,4308
154,5816
154,69757
154,115713
154,177593
155,487
155,553
155,1208
155,1222
155,2423
155,1304
155,1566
155,1907
155,2921
155,1266
156,373
156,951
156,954
156,1095
156,1123
156,1187
156,1571
156,2069
156,2323
156,283
157,288
157,1959
157,5014
157,733
157,2676
157,3863
157,1719
157,1268
157,1799
157,2188
158,3168
158,35836
158,51662
158,2139
158,107
158,2289
158,1015
158,2087
158,1619
158,1479
159,91529
159,4973
159,51931
159,112804
159,55247
159,89904
159,7458
159,92259
159,8869
159,47423
160,968
160,101
160,1235
160,1285
160,1449
160,2116
160,3262
160,3771
160,4006
160,4180
161,3088
161,910
161,3451
161,4703
161,4973
161,6385
161,1907
161,2394
161,2709
161,1207
162,543
162,125
162,1073
162,223
162,218
162,175
162,176
162,246
162,342
162,260
163,986
163,1662
163,1465
163,1754
163,1629
163,1422
163,1479
163,1620
163,1586
163,1615
164,296
164,876
164,4441
164,4444
164,4701
164,457
164,1287
164,1370
164,4306
164,4438
165,4306
165,1275
165,4438
165,4441
165,4444
165,876
165,356
165,1270
165,296
165,4701
166,4223
166,2502
166,1208
166,72226
166,70286
166,69481
166,68237
166,5225
166,1274
166,741
167,741
167,4226
167,79702
167,61240
167,7387
167,1358
167,555
167,553
167,58
167,1274
168,1041
168,6306
168,1449
168,3090
168,3476
168,3911
168,3983
168,5669
168,6461
168,1224
169,236
169,1046
169,3949
169,4787
169,53894
169,30749
169,47099
169,72226
169,5618
169,71057
170,27
170,222
170,280
170,62
170,300
170,527
170,25
170,780
170,195
170,236
171,1215
171,1261
171,1357
171,1366
171,1411
171,1358
171,1732
171,1784
171,1172
171,1923
172,4886
172,45722
172,53996
172,246
172,541
172,750
172,922
172,6539
172,912
172,111
173,11
173,1
173,780
173,349
173,19
173,34
173,364
173,317
173,231
173,39
174,1
174,60
174,203
174,377
174,364
174,151
174,47
174,17
174,257
174,593
175,6732
175,1035
175,3910
175,2009
175,3504
175,1077
175,262
175,5971
175,4973
175,1584
176,432
176,111
176,208
176,648
176,288
176,500
176,32
176,253
176,1356
176,480
177,55118
177,8132
177,7360
177,6944
177,6502
177,2491
177,441
177,74946
177,67618
177,2249
178,1258
178,3949
178,32587
178,6333
178,2194
178,48780
178,260
178,293
178,55820
178,904
179,14
179,36
179,515
179,1073
179,539
179,588
179,2
179,10
179,39
179,11
180,164179
180,122886
180,1258
180,6
180,1199
180,44199
180,778
180,79132
180,1221
180,48516
181,709
181,314
181,2
181,783
181,830
181,1049
181,198
181,733
181,95
181,104
182,1962
182,3677
182,3034
182,2716
182,2134
182,1589
182,953
182,6993
182,3814
182,1230
183,1101
183,50
183,34
183,150
183,3404
183,3639
183,4440
183,367
183,2115
183,1
184,3266
184,1916
184,71899
184,56782
184,40491
184,25771
184,8477
184,3676
184,6818
184,99764
185,661
185,8950
185,51662
185,54001
185,115149
185,115713
185,139385
185,142488
185,5618
185,48
186,3262
186,3153
186,101
186,1449
186,2467
186,2020
186,2167
186,2287
186,1591
186,2867
187,58559
187,48738
187,55820
187,68237
187,69481
187,72226
187,72998
187,60069
187,1073
187,5225
188,2282
188,1673
188,1416
188,1286
188,1022
188,718
188,538
188,307
188,306
188,170
189,59315
189,68157
189,177593
189,116797
189,122912
189,60684
189,180095
189,187593
189,112556
189,48780
190,588
190,364
190,50
190,1
190,3147
190,899
190,2078
190,54001
190,1682
190,51662
191,350
191,163
191,593
191,527
191,508
191,475
191,373
191,260
191,14
191,589
192,527
192,50
192,151
192,32
192,318
192,1
192,786
192,733
192,69
192,493
193,6
193,44199
193,6333
193,164179
193,1201
193,1732
193,6350
193,7099
193,50
193,33166
194,594
194,370
194,112
194,420
194,5445
194,653
194,225
194,3996
194,16
194,5
195,627
195,930
195,953
195,1131
195,1132
195,1150
195,1178
195,910
195,920
195,1185
196,296
196,163
196,50
196,165
196,1
196,6539
196,2959
196,293
196,112556
196,47
197,6350
197,1732
197,1206
197,79132
197,3949
197,65261
197,31364
197,4144
197,7099
197,5952
198,306
198,908
198,902
198,866
198,800
198,627
198,348
198,308
198,910
198,930
199,6993
199,1203
199,1962
199,3677
199,3814
199,4649
199,33162
199,44761
199,46970
199,101
200,71535
200,70183
200,8968
200,2249
200,69069
200,67618
200,66934
200,64969
200,55118
200,54881
201,68157
201,61240
201,60069
201,8874
201,7438
201,58559
201,553
201,58
201,7387
201,6874
202,2203
202,3201
202,3683
202,3152
202,2550
202,1333
202,1238
202,1178
202,1104
202,1934
203,7143
203,6502
203,5903
203,8132
203,2028
203,1704
203,4995
203,7361
203,5995
203,527
204,48774
204,48516
204,48385
204,2028
204,1258
204,1200
204,6016
204,480
204,177593
204,150
205,106072
205,141718
205,1
205,5218
205,86332
205,88140
205,106489
205,118696
205,122892
205,2571
206,708
206,494
206,628
206,832
206,858
206,135
206,52
206,112
206,376
206,593
207,1214
207,1371
207,3006
207,32
207,5902
207,1200
207,969
207,924
207,345
207,1120
208,1090
208,6
208,1225
208,368
208,1785
208,151
208,1957
208,2490
208,2791
208,1288
209,293
209,187593
209,180095
209,122912
209,116797
209,91529
209,527
209,54286
209,8604
209,1527
210,4343
210,3821
210,788
210,165
210,92259
210,71530
210,4446
210,4369
210,4232
210,1676
211,142488
211,62849
211,57504
211,40148
211,27611
211,223
211,69844
211,899
211,3147
211,54001
212,588
212,172591
212,114935
212,74789
212,50804
212,8984
212,55363
212,5630
212,2023
212,2124
213,86882
213,96821
213,102123
213,104841
213,104879
213,106100
213,106782
213,106920
213,93838
213,94959
214,832
214,260
214,800
214,838
214,36
214,94
214,805
214,783
214,14
214,593
215,46530
215,26662
215,8798
215,6711
215,5690
215,588
215,1080
215,1210
215,1
215,54286
216,2131
216,2130
216,2019
216,1836
216,1596
216,1251
216,1217
216,947
216,417
216,154
217,1194
217,3235
217,3525
217,1658
217,2959
217,3477
217,3836
217,235
217,915
217,3066
218,2542
218,2268
218,1213
218,1208
218,475
218,4223
218,11
218,6365
218,288
218,5903
219,4846
219,6993
219,3814
219,475
219,3618
219,3677
219,3148
219,1962
219,1230
219,348
220,741
220,6857
220,4873
220,1274
220,5225
220,6016
220,527
220,3000
220,72226
220,68237
221,2476
221,2901
221,1227
221,3358
221,441
221,1275
221,1884
221,3020
221,2278
221,2288
222,1253
222,1250
222,1232
222,1178
222,1274
222,968
222,48738
222,6016
222,72226
222,741
223,1090
223,1200
223,541
223,69481
223,1527
223,5225
223,1274
223,111
223,741
223,68237
224,304
224,3466
224,3157
224,3088
224,3061
224,2398
224,2018
224,1302
224,1246
224,500
225,281
225,246
225,322
225,493
225,555
225,232
225,50
225,101
225,21
225,45
226,1203
226,7439
226,348
226,1962
226,3618
226,101
226,3814
226,6993
226,33162
226,3677
227,1197
227,58554
227,899
227,1619
227,69844
227,55247
227,54001
227,51662
227,4878
227,2078
228,47
228,44199
228,778
228,79132
228,293
228,6
228,110
228,2028
228,608
228,3949
229,203
229,158
229,25
229,780
229,48
229,186
229,350
229,60
229,257
229,315
230,69481
230,72226
230,70286
230,68237
230,68157
230,5225
230,3000
230,1274
230,1258
230,72998
231,95510
231,91529
231,1221
231,4226
231,48516
231,68358
231,79132
231,318
231,93510
231,122924
232,55118
232,54881
232,72226
232,1046
232,236
232,31658
232,2249
232,67618
232,93510
232,74946
233,899
233,142488
233,76093
233,2078
233,8950
233,54001
233,69844
233,88125
233,115149
233,139385
234,3404
234,3683
234,1658
234,3358
234,1081
234,913
234,2118
234,3213
234,1022
234,3200
235,1
235,520
235,185
235,17
235,50
235,253
235,141
235,376
235,282
235,261
236,2622
236,296
236,430
236,1093
236,2318
236,2959
236,2568
236,2506
236,3174
236,2997
237,8950
237,54001
237,69844
237,115149
237,142488
237,7147
237,899
237,85342
237,2078
237,55721
238,1500
238,986
238,293
238,4223
238,1674
238,3178
238,3155
238,1957
238,1727
238,3685
239,4873
239,72226
239,6016
239,5618
239,63082
239,3000
239,8873
239,6857
239,68237
239,5225
240,265
240,260
240,661
240,616
240,218
240,1580
240,107
240,1527
240,745
240,475
241,7254
241,79357
241,1172
241,1721
241,1259
241,2712
241,4848
241,1247
241,84152
241,4975
242,595
242,165
242,110
242,377
242,367
242,364
242,173
242,1
242,160
242,50
243,383
243,362
243,552
243,237
243,223
243,104
243,531
243,32
243,266
243,474
244,1278
244,1303
244,529
244,858
244,527
244,1193
244,1721
244,1693
244,1252
244,1584
245,1747
245,293
245,3418
245,3408
245,4921
245,6983
245,176
245,1175
245,2542
245,345
246,122892
246,106642
246,110102
246,31696
246,36517
246,112852
246,44199
246,91529
246,106489
246,68848
247,31658
247,166024
247,1203
247,34
247,1097
247,1080
247,1028
247,1220
247,1219
247,750
248,93510
248,329
248,56171
248,4446
248,4370
248,70286
248,1527
248,592
248,367
248,2716
249,1223
249,107
249,720
249,745
249,1907
249,799
249,1347
249,1321
249,1148
249,1589
250,1356
250,2289
250,1747
250,1275
250,2353
250,4995
250,329
250,745
250,7303
250,1206
251,110
251,6350
251,1732
251,1240
251,5952
251,1201
251,1206
251,7099
251,1199
251,5299
252,5882
252,110
252,1916
252,160718
252,98243
252,2687
252,293
252,40629
252,30816
252,69844
253,1104
253,2019
253,1927
253,1711
253,1245
253,1224
253,1214
253,1200
253,922
253,1207
254,5690
254,8798
254,541
254,741
254,26662
254,46530
254,1222
254,3000
254,111
254,1500
255,595
255,968
255,2318
255,3836
255,2239
255,3972
255,2924
255,1080
255,2788
255,2863
256,3156
256,2150
256,4720
256,3361
256,46976
256,47
256,4226
256,112556
256,166528
256,3535
257,5060
257,1090
257,7143
257,168
257,315
257,342
257,552
257,1252
257,1653
257,163
258,50872
258,31658
258,1203
258,904
258,92259
258,4022
258,5995
258,5816
258,170705
258,166024
259,4022
259,3052
259,1968
259,1391
259,1358
259,4226
259,6942
259,1127
259,8873
259,48738
260,26840
260,3627
260,1261
260,26082
260,7099
260,6368
260,6350
260,5244
260,2810
260,1209
261,7254
261,5299
261,164179
261,1104
261,1214
261,55247
261,4975
261,47099
261,2712
261,778
262,337
262,34
262,110
262,236
262,150
262,589
262,1
262,203
262,541
262,491
263,1296
263,2144
263,45722
263,5103
263,2572
263,3255
263,38061
263,49272
263,44761
263,1380
264,590
264,2194
264,6377
264,33166
264,224
264,86
264,62
264,46
264,296
264,592
265,1147
265,1209
265,1218
265,246
265,1266
265,1429
265,2959
265,3036
265,456
265,306
266,1084
266,1124
266,1186
266,1172
266,348
266,101
266,232
266,246
266,281
266,953
267,353
267,337
267,69
267,47
267,4306
267,356
267,6377
267,380
267,780
267,552
268,1084
268,232
268,281
268,348
268,1124
268,1186
268,1345
268,1350
268,1380
268,101
269,661
269,762
269,24
269,27
269,318
269,266
269,110
269,47
269,31
269,191
270,260
270,832
270,800
270,593
270,838
270,671
270,457
270,783
270,65
270,94
271,3247
271,779
271,838
271,932
271,2359
271,7121
271,27751
271,3534
271,4419
271,5404
272,139385
272,1197
272,50
272,81834
272,170705
272,166024
272,904
272,1203
272,31658
272,1193
273,265
273,527
273,246
273,151
273,318
273,36
273,290
273,110
273,50
273,475
274,920
274,2249
274,64969
274,93510
274,76093
274,67618
274,69069
274,70183
274,74946
274,8968
275,6460
275,1251
275,936
275,3022
275,3096
275,3099
275,2511
275,7008
275,6666
275,2239
276,608
276,891
276,886
276,805
276,76
276,762
276,782
276,467
276,112
276,647
277,733
277,9
277,762
277,832
277,785
277,76
277,88
277,647
277,467
277,805
278,2135
278,3751
278,4571
278,1225
278,1172
278,4980
278,7247
278,38038
278,5299
278,164179
279,69844
279,81834
279,88125
279,899
279,54001
279,1250
279,183897
279,177593
279,2078
279,142488
280,44761
280,10
280,1722
280,2340
280,2501
280,4019
280,38061
280,27831
280,31878
280,1500
281,8665
281,51935
281,3147
281,5574
281,4299
281,3624
281,2353
281,2028
281,2002
281,593
282,3000
282,1391
282,58
282,5225
282,1274
282,6016
282,68237
282,69481
282,72226
282,741
283,745
283,353
283,223
283,171
283,527
283,357
283,1356
283,380
283,364
283,34
284,383
284,524
284,673
284,1073
284,516
284,1356
284,542
284,653
284,1359
284,780
285,33564
285,68157
285,7256
285,7153
285,246
285,4406
285,1950
285,3030
285,26078
285,4993
286,288
286,58
286,32
286,8873
286,1196
286,1210
286,1222
286,1259
286,1391
286,50
287,7387
287,61240
287,1096
287,1204
287,79702
287,79132
287,71535
287,68157
287,48738
287,58
288,720
288,866
288,290
288,940
288,745
288,475
288,497
288,599
288,417
288,94
289,555
289,293
289,1089
289,920
289,260
289,318
289,3949
289,1653
289,1214
289,1201
290,2670
290,3074
290,1212
290,3073
290,3093
290,2476
290,3037
290,1178
290,529
290,3068
291,59784
291,53125
291,30816
291,45722
291,40629
291,6539
291,318
291,5952
291,98491
291,47099
292,2249
292,1197
292,920
292,2398
292,1945
292,1283
292,1253
292,1250
292,940
292,954
293,1884
293,3328
293,5608
293,50872
293,366
293,610
293,161
293,225
293,1036
293,3252
294,3526
294,784
294,1031
294,3404
294,3448
294,3450
294,724
294,1658
294,24
294,353
295,778
295,5299
295,4306
295,1682
295,2712
295,1704
295,164179
295,74458
295,3578
295,4878
296,81591
296,1225
296,7361
296,2858
296,112556
296,112290
296,1208
296,1197
296,6711
296,1172
297,858
297,1090
297,1197
297,1200
297,1208
297,1252
297,1387
297,260
297,337
297,1193
298,55363
298,37731
298,2467
298,70183
298,8968
298,2249
298,920
298,6155
298,67618
298,66934
299,4011
299,3567
299,1590
299,1639
299,3827
299,593
299,4148
299,3996
299,47
299,3863
300,608
300,7153
300,5816
300,4896
300,3147
300,96829
300,86781
300,111
300,1247
300,5952
301,5225
301,3000
301,1274
301,541
301,48385
301,2336
301,1296
301,1188
301,912
301,1090
302,376
302,1073
302,1
302,800
302,838
302,494
302,832
302,661
302,6
302,52
303,610
303,1676
303,780
303,1036
303,1101
303,750
303,1291
303,1201
303,3404
303,1253
304,235
304,912
304,913
304,1201
304,1250
304,720
304,899
304,904
304,908
304,750
305,4954
305,55363
305,78349
305,2467
305,2081
305,2078
305,37731
305,79008
305,87192
305,96821
306,37384
306,5785
306,74532
306,48322
306,46970
306,72167
306,4989
306,3275
306,3253
306,3052
307,1408
307,33162
307,4649
307,3677
307,3618
307,3148
307,348
307,1266
307,1203
307,1225
308,1682
308,8950
308,2078
308,780
308,69844
308,51662
308,4878
308,3147
308,588
308,899
309,1278
309,6650
309,922
309,1200
309,6987
309,32
309,926
309,1245
309,2064
309,1449
310,91535
310,98154
310,97304
310,59369
310,54286
310,49272
310,5010
310,3089
310,5992
310,98961
311,1945
311,2944
311,5899
311,6711
311,1233
311,1223
311,1148
311,745
311,7025
311,1204
312,4180
312,4006
312,3771
312,3262
312,2116
312,1449
312,4915
312,101
312,1285
312,1235
313,2707
313,3101
313,2841
313,2763
313,2490
313,1801
313,1792
313,1641
313,1343
313,69
314,34
314,198
314,73
314,261
314,508
314,720
314,265
314,362
314,339
314,745
315,2151
315,745
315,1148
315,2150
315,2478
315,2628
315,3451
315,3489
315,1203
315,1197
316,5673
316,1408
316,1293
316,4235
316,1204
316,1217
316,1203
316,1096
316,1090
316,266
317,116897
317,357
317,2671
317,1225
317,2268
317,6763
317,4816
317,6287
317,7293
317,7173
318,92259
318,1258
318,1178
318,3039
318,7439
318,47099
318,83134
318,93838
318,187593
318,2006
319,4878
319,2078
319,1682
319,8950
319,899
319,1
319,50
319,1193
319,51662
319,1197
320,81845
320,86345
320,27611
320,40148
320,57504
320,62849
320,1952
320,3489
320,6539
320,223
321,203
321,257
321,48
321,32
321,315
321,508
321,1
321,60
321,282
321,261
322,2712
322,7387
322,61240
322,79702
322,5690
322,553
322,551
322,288
322,1358
322,555
323,249
323,168
323,222
323,595
323,277
323,594
323,7
323,543
323,333
323,218
324,110
324,589
324,1206
324,1673
324,2028
324,648
324,2924
324,3510
324,111
324,551
325,2476
325,2550
325,2788
325,1212
325,2871
325,3022
325,2202
325,1934
325,2804
325,3068
326,46976
326,84152
326,6
326,16
326,1208
326,1219
326,1247
326,1466
326,2542
326,4034
327,1223
327,2423
327,95510
327,1220
327,344
327,2078
327,3450
327,3100
327,1208
327,2716
328,2231
328,115713
328,115149
328,2423
328,18
328,1228
328,1245
328,2194
328,139385
328,2804
329,68954
329,7361
329,1212
329,109487
329,112183
329,112552
329,8957
329,34405
329,96829
329,86781
330,5225
330,68237
330,69481
330,72226
330,72998
330,1274
330,6857
330,1129
330,1220
330,1921
331,114935
331,172591
331,168252
331,50804
331,5630
331,2124
331,2023
331,2011
331,1645
331,4148
332,72226
332,551
332,1358
332,553
332,741
332,1274
332,58
332,5225
332,68237
332,48738
333,3452
333,2716
333,3316
333,1
333,1997
333,1994
333,3499
333,1214
333,260
333,2
334,70286
334,6857
334,4873
334,4034
334,69481
334,68237
334,5225
334,1274
334,741
334,111
335,541
335,553
335,924
335,1101
335,1258
335,260
335,1210
335,1193
335,2951
335,1266
336,2078
336,4878
336,1682
336,51662
336,588
336,364
336,6333
336,2194
336,54001
336,899
337,647
337,467
337,88
337,782
337,879
337,886
337,891
337,1042
337,765
337,842
338,5690
338,180095
338,35836
338,52328
338,54503
338,54881
338,7981
338,1213
338,164179
338,5299
339,1250
339,1333
339,1090
339,968
339,555
339,357
339,1232
339,1253
339,163
339,1278
340,1333
340,1258
340,225
340,34
340,1215
340,32
340,231
340,539
340,1345
340,1350
341,3361
341,47200
341,5574
341,2324
341,370
341,139385
341,1732
341,520
341,7573
341,3033
342,608
342,562
342,1193
342,2318
342,527
342,1719
342,1961
342,235
342,111
342,2858
343,1104
343,6350
343,7099
343,1199
343,293
343,1206
343,47
343,1201
343,608
343,1732
344,1274
344,2716
344,1258
344,1222
344,741
344,608
344,541
344,5225
344,111
344,6016
345,7063
345,6303
345,6021
345,5288
345,4294
345,25771
345,2117
345,7756
345,5468
345,680
346,6235
346,475
346,926
346,1084
346,1889
346,3307
346,5890
346,194
346,6787
346,6591
347,14
347,593
347,329
347,367
347,410
347,349
347,300
347,318
347,186
347,527
348,69481
348,109487
348,96829
348,86781
348,68954
348,7361
348,2762
348,1247
348,1193
348,1199
349,47
349,261
349,62
349,318
349,474
349,457
349,454
349,380
349,350
349,32
350,780
350,1059
350,593
350,62
350,14
350,36
350,94
350,457
350,25
350,52
351,2712
351,71379
351,912
351,1835
351,4975
351,1997
351,45503
351,57274
351,1873
351,3578
352,364
352,1178
352,1219
352,1954
352,2167
352,2951
352,3039
352,6377
352,3275
352,3681
353,15
353,16
353,50
353,491
353,62
353,207
353,195
353,188
353,151
353,468
354,54997
354,61240
354,475
354,11
354,555
354,79702
354,7387
354,1358
354,54286
354,8132
355,2151
355,2150
355,2565
355,1262
355,62
355,745
355,911
355,2478
355,1207
355,3489
356,4649
356,919
356,3618
356,1962
356,1408
356,1230
356,1203
356,348
356,3814
356,3677
357,902
357,6460
357,58
357,288
357,7387
357,904
357,71535
357,79702
357,916
357,562
358,6332
358,47122
358,101142
358,103141
358,6944
358,6593
358,6619
358,8827
358,69069
358,2706
359,553
359,555
359,1784
359,2502
359,2657
359,551
359,1358
359,1222
359,2712
359,3052
360,1615
360,1465
360,1614
360,1676
360,1662
360,1653
360,1729
360,986
360,1588
360,1629
361,1748
361,2161
361,2324
361,122904
361,1093
361,3361
361,3552
361,46976
361,109374
361,1676
362,1240
362,6350
362,7099
362,2078
362,8950
362,588
362,364
362,899
362,51662
362,1
363,58559
363,106782
363,164179
363,122886
363,1221
363,541
363,44199
363,3949
363,480
363,76093
364,800
364,58
364,36
364,661
364,608
364,25
364,17
364,593
364,708
364,112
365,1203
365,1219
365,162344
365,1080
365,128914
365,128520
365,104925
365,98083
365,80139
365,160271
366,4878
366,51662
366,54001
366,69844
366,50
366,588
366,899
366,1197
366,2078
366,3147
367,3044
367,918
367,2686
367,2067
367,1104
367,289
367,3668
367,3496
367,2739
367,2150
368,1081
368,720
368,1148
368,3404
368,1256
368,2019
368,3494
368,235
368,915
368,1283
369,1090
369,1358
369,61240
369,1258
369,288
369,68157
369,70286
369,741
369,58
369,551
370,555
370,61240
370,553
370,551
370,288
370,58
370,2657
370,2712
370,7387
370,1358
371,2318
371,2076
371,1464
371,3627
371,1209
371,1201
371,3328
371,1261
371,3504
371,1809
372,728
372,898
372,446
372,299
372,232
372,919
372,265
372,1211
372,750
372,1295
373,45
373,342
373,497
373,595
373,222
373,277
373,333
373,543
373,1073
373,14
374,500
374,593
374,225
374,454
374,377
374,47
374,364
374,367
374,292
374,648
375,1680
375,71264
375,69951
375,66097
375,1188
375,1296
375,33679
375,72356
375,912
375,95510
376,6016
376,5618
376,1274
376,3000
376,72226
376,69481
376,68237
376,1127
376,741
376,5225
377,898
377,8261
377,3801
377,5404
377,38164
377,27751
377,7121
377,932
377,779
377,4419
378,54001
378,51662
378,4878
378,2078
378,899
378,588
378,115713
378,115149
378,88125
378,69844
379,329
379,1
379,780
379,595
379,151
379,357
379,50
379,300
379,648
379,474
380,109487
380,106920
380,106100
380,104879
380,102123
380,1203
380,56782
380,112552
380,112556
380,96821
381,134130
381,122882
381,102445
381,93510
381,67618
381,55118
381,54881
381,2249
381,74946
381,3030
382,922
382,928
382,926
382,915
382,909
382,899
382,916
382,898
382,837
382,3022
383,2702
383,2598
383,2568
383,2567
383,2622
383,2692
383,2599
383,296
383,2700
383,430
384,4429
384,1954
384,5014
384,2881
384,3174
384,288
384,11
384,16
384,22
384,2676
385,1261
385,1357
385,1089
385,1366
385,1411
385,36
385,1215
385,223
385,300
385,800
386,260
386,778
386,736
386,14
386,527
386,86
386,150
386,475
386,337
386,373
387,1238
387,1934
387,1203
387,3022
387,3152
387,909
387,2203
387,2476
387,2202
387,6460
388,103543
388,7361
388,54001
388,71535
388,65
388,3740
388,6753
388,113829
388,114265
388,56367
389,191
389,110
389,266
389,31
389,47
389,74
389,27
389,24
389,737
389,76
390,3504
390,2318
390,1921
390,3627
390,3328
390,2810
390,4640
390,922
390,1209
390,1809
391,1250
391,1446
391,48738
391,5607
391,3100
391,3252
391,5570
391,3746
391,3436
391,2594
392,2580
392,3751
392,3159
392,3081
392,2700
392,2600
392,1719
392,233
392,2560
392,2692
393,1485
393,1753
393,2005
393,2617
393,2761
393,3114
393,3213
393,4102
393,26471
393,333
394,333
394,216
394,318
394,231
394,47
394,648
394,7
394,593
394,104
394,62
395,267
395,328
395,248
395,338
395,516
395,524
395,216
395,104
395,255
395,333
396,1250
396,1206
396,3671
396,596
396,2300
396,2640
396,520
396,3469
396,3471
396,2746
397,26078
397,33564
397,1950
397,2019
397,3152
397,926
397,4406
397,3030
397,1263
397,7256
398,6377
398,50872
398,59315
398,109487
398,134853
398,166024
398,170705
398,1199
398,4886
398,8961
399,8604
399,27193
399,293
399,33679
399,32587
399,6874
399,3949
399,1258
399,32
399,1527
400,27773
400,1206
400,6016
400,2329
400,68157
400,5618
400,1240
400,1201
400,6350
400,7099
401,160718
401,133419
401,40815
401,31
401,339
401,471
401,1441
401,3408
401,34405
401,500
402,48
402,60
402,151
402,110
402,257
402,237
402,150
402,203
402,186
402,158
403,333
403,231
403,216
403,157
403,151
403,101
403,164179
403,5299
403,362
403,163
404,50
404,160
404,2
404,252
404,595
404,594
404,288
404,223
404,253
404,95
405,3504
405,3627
405,1261
405,922
405,3328
405,2810
405,5244
405,2318
405,1809
405,4640
406,6796
406,1753
406,998
406,3967
406,2072
406,1357
406,222
406,93320
406,71268
406,543
407,93510
407,95510
407,68358
407,111759
407,122904
407,112852
407,122924
407,4226
407,115617
407,96821
408,168252
408,115149
408,8376
408,858
408,55820
408,1645
408,1221
408,1203
408,1136
408,541
409,555
409,1178
409,1104
409,903
409,110
409,32
409,2502
409,1719
409,1127
409,1196
410,535
410,954
410,372
410,283
410,246
410,1095
410,1123
410,1148
410,1187
410,373
411,45
411,260
411,373
411,315
411,32
411,39
411,337
411,491
411,14
411,293
412,154
412,1683
412,1836
412,2019
412,1596
412,1354
412,2131
412,947
412,1251
412,1248
413,1242
413,1233
413,517
413,3174
413,2360
413,2324
413,509
413,1343
413,4973
413,1610
414,93510
414,8968
414,64969
414,67618
414,69069
414,70183
414,74946
414,3741
414,3379
414,7387
415,86504
415,115713
415,85774
415,72226
415,1732
415,1240
415,1206
415,69481
415,6
415,1210
416,2700
416,1527
416,4370
416,4963
416,5299
416,1246
416,1073
416,364
416,2194
416,1645
417,44199
417,6
417,588
417,1197
417,2078
417,8950
417,51662
417,54001
417,69844
417,899
418,166528
418,166568
418,90439
418,923
418,1209
418,5995
418,1
418,111659
418,608
418,260
419,1258
419,1274
419,5225
419,68237
419,741
419,55820
419,11
419,475
419,1653
419,72226
420,6711
420,741
420,1274
420,5225
420,68237
420,69481
420,70286
420,72226
420,3000
420,111
421,69481
421,7361
421,2329
421,111
421,26116
421,1199
421,55442
421,47
421,5618
421,924
422,3526
422,3384
422,2318
422,2109
422,1952
422,1194
422,1077
422,562
422,235
422,1078
423,750
423,165
423,10
423,1356
423,260
423,6787
423,920
423,235
423,1374
423,1225
424,55247
424,79357
424,47099
424,7254
424,4975
424,2712
424,1466
424,1247
424,750
424,84152
425,1748
425,2490
425,8810
425,7439
425,31696
425,551
425,553
425,555
425,7373
425,2712
426,64716
426,51255
426,3361
426,115713
426,8528
426,4011
426,109374
426,99114
426,122904
426,80463
427,741
427,412
427,5419
427,18
427,5171
427,3824
427,2568
427,2297
427,662
427,5387
428,904
428,3030
428,7022
428,27773
428,59315
428,58559
428,63082
428,64575
428,54997
428,441
429,203
429,333
429,318
429,188
429,16
429,15
429,508
429,337
429,47
429,23
430,733
430,1223
430,17
430,720
430,745
430,1066
430,1148
430,1183
430,3717
430,1617
431,2571
431,1196
431,589
431,3911
431,3671
431,333
431,2395
431,596
431,5
431,225
432,11
432,55820
432,1208
432,72226
432,111
432,741
432,5225
432,1274
432,68237
432,288
433,3949
433,1208
433,5971
433,78499
433,142115
433,177593
433,293
433,858
433,1196
433,1259
434,288
434,54997
434,54286
434,8132
434,2268
434,475
434,58
434,47610
434,553
434,551
435,899
435,69481
435,364
435,588
435,356
435,2078
435,1682
435,36
435,64716
435,8950
436,172
436,104
436,1359
436,267
436,328
436,524
436,653
436,673
436,255
436,216
437,1035
437,926
437,446
437,838
437,412
437,299
437,265
437,232
437,898
437,919
438,1246
438,3030
438,4649
438,3677
438,3618
438,1962
438,1230
438,1225
438,348
438,3148
439,109487
439,93510
439,4226
439,48516
439,122924
439,95510
439,91529
439,96821
439,111759
439,68358
440,4973
440,162
440,1307
440,1527
440,1228
440,1221
440,1036
440,741
440,1967
440,25
441,1200
441,2194
441,6
441,858
441,6377
441,6333
441,608
441,63082
441,50
441,778
442,110
442,589
442,1199
442,1235
442,1748
442,924
442,6502
442,260
442,29
442,4878
443,6711
443,86781
443,1247
443,112552
443,112183
443,109487
443,5995
443,81591
443,1172
443,96829
444,249
444,475
444,471
444,778
444,34
444,337
444,508
444,17
444,305
444,596
445,1
445,1732
445,1240
445,50
445,1193
445,6350
445,1201
445,1199
445,1206
445,7099
446,376
446,345
446,7
446,344
446,185
446,736
446,553
446,110
446,261
446,541
447,237
447,186
447,203
447,736
447,261
447,440
447,50
447,151
447,60
447,1
448,104879
448,1203
448,70183
448,920
448,8968
448,67618
448,903
448,904
448,1257
448,151
449,2065
449,912
449,903
449,541
449,79132
449,27193
449,8604
449,1304
449,2325
449,1960
450,3316
450,32
450,3877
450,3918
450,3939
450,3940
450,3941
450,3942
450,2657
450,1249
451,1393
451,800
451,838
451,748
451,832
451,260
451,785
451,36
451,1210
451,58
452,2867
452,2287
452,2138
452,2117
452,2116
452,1885
452,1235
452,3153
452,968
452,101
453,1199
453,18
453,412
453,1243
453,1237
453,1227
453,1224
453,1172
453,902
453,899
454,1288
454,1358
454,4641
454,720
454,7815
454,6773
454,5690
454,3181
454,3822
454,2580
455,246
455,32
455,223
455,235
455,224
455,368
455,2
455,474
455,497
455,168
456,785
456,886
456,88
456,467
456,647
456,673
456,765
456,782
456,879
456,842
457,165
457,2581
457,2761
457,2861
457,3409
457,3916
457,3114
457,216
457,150
457,104
458,257
458,158
458,282
458,60
458,186
458,1
458,203
458,237
458,508
458,315
459,4993
459,5378
459,7153
459,79091
459,141718
459,3147
459,4896
459,4226
459,5952
459,5995
460,166024
460,1203
460,904
460,112552
460,92259
460,5995
460,5816
460,81834
460,170705
460,50
461,54001
461,364
461,51662
461,4878
461,2078
461,1682
461,8950
461,899
461,588
461,1193
462,1391
462,3052
462,6016
462,1927
462,553
462,27721
462,6987
462,6461
462,6306
462,3476
463,293
463,8604
463,4022
463,1210
463,2194
463,6333
463,33166
463,1198
463,1196
463,260
464,2542
464,5618
464,1274
464,68237
464,69481
464,6502
464,4223
464,3000
464,5225
464,72226
465,1224
465,1151
465,906
465,965
465,1696
465,2075
465,1631
465,41
465,1797
465,1927
466,56171
466,70286
466,367
466,592
466,71530
466,1356
466,329
466,2716
466,4370
466,4446
467,2739
467,1960
467,1693
467,1584
467,349
467,1101
467,4995
467,4306
467,1225
467,1246
468,364
468,454
468,62
468,141
468,50
468,457
468,173
468,593
468,2
468,11
469,1673
469,3066
469,2690
469,232
469,3030
469,2067
469,778
469,101
469,1060
469,21
470,112
470,11
470,317
470,593
470,18
470,52
470,104
470,141
470,671
470,780
471,1196
471,4896
471,3147
471,134130
471,8368
471,5349
471,260
471,3949
471,5816
471,4022
472,6
472,48780
472,1104
472,1228
472,79132
472,47
472,293
472,3949
472,778
472,608
473,8914
473,56367
473,68237
473,97938
473,55442
473,26116
473,924
473,5618
473,44555
473,908
474,290
474,322
474,417
474,1589
474,2476
474,2836
474,94
474,3951
474,3505
474,866
475,2124
475,4262
475,3147
475,1653
475,1961
475,1203
475,1645
475,1089
475,47099
475,64716
476,62
476,225
476,736
476,60
476,27
476,207
476,222
476,280
476,257
476,203
477,1046
477,236
477,4787
477,4896
477,3030
477,1197
477,8368
477,34162
477,44195
477,5377
478,1208
478,7028
478,4322
478,235
478,750
478,5945
478,6711
478,3910
478,7025
478,7155
479,2901
479,1227
479,1238
479,2288
479,3068
479,3358
479,3813
479,6460
479,1287
479,785
480,74946
480,66934
480,67618
480,2249
480,920
480,69069
480,70183
480,64969
480,76093
480,8968
481,1784
481,1821
481,1810
481,1777
481,1717
481,1747
481,110
481,1515
481,1754
481,1639
482,101
482,3677
482,2804
482,348
482,2019
482,1203
482,1225
482,1266
482,1962
482,3618
483,67618
483,59369
483,2249
483,54881
483,55118
483,64969
483,69069
483,8968
483,70183
483,74946
484,64969
484,91500
484,76093
484,69069
484,67618
484,66934
484,8968
484,2249
484,920
484,102445
485,367
485,377
485,454
485,62
485,104
485,216
485,333
485,648
485,1
485,364
486,16
486,1356
486,590
486,303
486,383
486,532
486,367
486,2
486,608
486,364
487,8368
487,1196
487,3949
487,8636
487,5378
487,3996
487,3147
487,2329
487,5816
487,1210
488,1680
488,1183
488,4011
488,1527
488,1215
488,353
488,3793
488,2563
488,1617
488,1066
489,69069
489,70183
489,74946
489,67618
489,8968
489,54881
489,53996
489,2249
489,55118
489,64969
490,3552
490,1258
490,899
490,8950
490,142488
490,177593
490,109487
490,3361
490,51255
490,4878
491,72641
491,8969
491,58655
491,60756
491,67734
491,117590
491,128520
491,166643
491,7346
491,80549
492,350
492,110
492,31
492,266
492,318
492,191
492,27
492,47
492,640
492,24
493,3639
493,3404
493,4440
493,246
493,164
493,1191
493,1192
493,1261
493,1912
493,1189
494,63082
494,122924
494,79132
494,48516
494,4226
494,58559
494,293
494,2959
494,1240
494,1101
495,67618
495,2249
495,102445
495,70183
495,66934
495,920
495,2081
495,1408
495,104879
495,8968
496,2423
496,527
496,76093
496,60069
496,59315
496,48516
496,3450
496,3100
496,1197
496,95510
497,4896
497,4306
497,4226
497,4848
497,3147
497,5816
497,6711
497,5995
497,1172
497,81591
498,780
498,593
498,329
498,225
498,1356
498,539
498,165
498,410
498,288
498,253
499,2571
499,1240
499,1206
499,6350
499,457
499,920
499,1732
499,5952
499,1374
499,5618
500,3178
500,3326
500,3241
500,2582
500,3538
500,1357
500,318
500,300
500,1405
500,1665
501,648
501,802
501,786
501,737
501,733
501,708
501,140
501,9
501,104
501,1073
502,2997
502,778
502,441
502,1222
502,1275
502,1968
502,2288
502,2502
502,3020
502,783
503,115713
503,115149
503,88125
503,142488
503,69844
503,2078
503,81834
503,139385
503,1201
503,106782
504,54190
504,60072
504,2145
504,7451
504,27831
504,54503
504,56757
504,59315
504,720
504,31878
505,4571
505,87529
505,122886
505,58998
505,3727
505,4973
505,80831
505,4402
505,83134
505,93840
506,215
506,2859
506,4239
506,4880
506,5103
506,441
506,2432
506,5970
506,8341
506,8638
507,539
507,19
507,364
507,231
507,50
507,1356
507,780
507,318
507,329
507,1
508,1265
508,1405
508,5481
508,802
508,788
508,104
508,1
508,5902
508,923
508,1198
509,1104
509,948
509,932
509,928
509,926
509,922
509,904
509,898
509,955
509,971
510,348
510,1230
510,3618
510,46970
510,3814
510,4649
510,6993
510,3677
510,44761
510,33162
511,8368
511,81845
511,3147
511,6377
511,4995
511,4886
511,4022
511,3949
511,5816
511,4896
512,19
512,339
512,231
512,34
512,1
512,261
512,62
512,780
512,272
512,10
513,1214
513,293
513,4226
513,4011
513,3949
513,30707
513,1201
513,1089
513,555
513,7025
514,1023
514,6807
514,1203
514,910
514,940
514,954
514,1945
514,1204
514,235
514,3037
515,5952
515,2571
515,180095
515,187541
515,231
515,122924
515,293
515,177593
515,122912
515,187593
516,3072
516,2355
516,3203
516,60
516,3543
516,1204
516,3219
516,1959
516,4011
516,3996
517,1104
517,25906
517,7121
517,3022
517,1939
517,1411
517,948
517,89904
517,44193
517,77846
518,1282
518,2739
518,4921
518,6983
518,1
518,2085
518,1285
518,1035
518,1408
518,3499
519,1645
519,5299
519,7254
519,8958
519,90439
519,1073
519,92259
519,111659
519,166528
519,4370
520,58
520,555
520,553
520,48738
520,72226
520,69481
520,68237
520,5225
520,1784
520,2712
521,94
521,800
521,838
521,1
521,62
521,1356
521,260
521,832
521,593
521,141
522,77800
522,38038
522,33779
522,6104
522,2788
522,1288
522,86290
522,89904
522,92494
522,89753
523,112552
523,5995
523,4022
523,588
523,2078
523,1682
523,4878
523,8950
523,51662
523,899
524,1580
524,1527
524,529
524,661
524,475
524,265
524,11
524,745
524,353
524,266
525,69069
525,74946
525,56941
525,2249
525,932
525,4262
525,55118
525,64969
525,8968
525,67618
526,3910
526,100714
526,104879
526,87869
526,6763
526,6287
526,4022
526,7173
526,4816
526,2712
527,5008
527,4969
527,4813
527,2208
527,916
527,905
527,902
527,1334
527,3035
527,1939
528,7371
528,69844
528,30749
528,46976
528,84152
528,1682
528,364
528,899
528,54001
528,2078
529,800
529,140
529,880
529,52
529,58
529,36
529,25
529,1391
529,1356
529,838
530,280
530,95
530,27
530,185
530,225
530,288
530,151
530,50
530,222
530,207
531,1732
531,106782
531,912
531,908
531,1270
531,1262
531,7099
531,6350
531,1201
531,5618
532,63082
532,4226
532,79132
532,48516
532,260
532,1221
532,377
532,1287
532,122924
532,3578
533,1784
533,1982
533,364
533,1246
533,1259
533,1307
533,1347
533,1704
533,2324
533,2000
534,56782
534,139385
534,115569
534,112556
534,112552
534,106100
534,104879
534,102123
534,96821
534,94959
535,2567
535,2568
535,2506
535,2318
535,1719
535,296
535,2622
535,1259
535,430
535,1093
536,47
536,185
536,288
536,318
536,266
536,296
536,2
536,44
536,293
536,588
537,64716
537,4896
537,40815
537,47099
537,3114
537,81834
537,99636
537,3578
537,68954
537,59784
538,31
538,34405
538,5444
538,3408
538,339
538,136864
538,115617
538,912
538,1221
538,79091
539,3552
539,46976
539,80463
539,99114
539,3361
539,122904
539,4002
539,8528
539,109487
539,109374
540,356
540,50
540,4878
540,8950
540,1
540,33679
540,7143
540,3556
540,1676
540,33166
541,249
541,1073
541,543
541,342
541,222
541,708
541,383
541,168
541,924
541,531
542,1042
542,3255
542,597
542,122904
542,109487
542,109374
542,99114
542,80463
542,3361
542,1777
543,6016
543,3000
543,527
543,541
543,608
543,741
543,1222
543,1258
543,1274
543,111
544,786
544,733
544,800
544,838
544,805
544,788
544,762
544,737
544,112
544,9
545,1208
545,1252
545,608
545,648
545,1196
545,1210
545,1193
545,260
545,527
545,1090
546,1193
546,288
546,198
546,47
546,111
546,1252
546,551
546,3972
546,3510
546,2924
547,2732
547,3099
547,1251
547,1256
547,2239
547,2511
547,936
547,3030
547,3096
547,3022
548,296
548,50
548,3996
548,5349
548,5378
548,5816
548,8636
548,8961
548,47
548,6
549,96821
549,33794
549,68358
549,91529
549,93510
549,95510
549,122904
549,115617
549,111759
549,112852
550,50872
550,5995
550,95510
550,5816
550,5218
550,91542
550,106072
550,106489
550,118696
550,92259
551,899
551,2078
551,1653
551,1645
551,1203
551,109374
551,96821
551,1961
551,142488
551,2023
552,37386
552,8939
552,5901
552,5072
552,2568
552,3837
552,7387
552,6820
552,2761
552,1755
553,72226
553,72998
553,5225
553,3275
553,741
553,27373
553,5103
553,1274
553,1136
553,4223
554,1104
554,2067
554,1449
554,1285
554,1242
554,920
554,553
554,441
554,2160
554,17
555,1023
555,3404
555,235
555,3100
555,3198
555,1658
555,4027
555,4993
555,57669
555,353
556,40629
556,47099
556,59784
556,73017
556,99636
556,97938
556,98491
556,2571
556,318
556,30816
557,293
557,1148
557,541
557,161
557,1214
557,745
557,4226
557,3578
557,122924
557,2959
558,58559
558,79132
558,71535
558,68157
558,61240
558,60069
558,48738
558,7387
558,58
558,1358
559,198
559,277
559,593
559,328
559,383
559,315
559,673
559,1359
559,163
559,542
560,56782
560,8968
560,2249
560,920
560,70183
560,66934
560,1408
560,187593
560,104879
560,93838
561,4102
561,1753
561,8968
561,54881
561,67618
561,333
561,5110
561,86377
561,920
561,2249
562,54881
562,58998
562,66934
562,67618
562,76093
562,69069
562,70183
562,74946
562,8968
562,2249
563,898
563,136020
563,140110
563,296
563,40819
563,837
563,858
563,71579
563,113275
563,94070
564,128914
564,72167
564,80139
564,87529
564,98083
564,104925
564,3275
564,162344
564,152081
564,2028
565,480
565,253
565,364
565,471
565,161
565,316
565,589
565,329
565,454
565,185
566,95
566,594
566,168
566,376
566,595
566,160
566,223
566,288
566,186
566,246
567,2288
567,32
567,3535
567,34405
567,1201
567,88129
567,93840
567,106100
567,33649
567,106920
568,10
568,588
568,432
568,315
568,266
568,150
568,161
568,527
568,160
568,316
569,589
569,780
569,32
569,1258
569,292
569,454
569,1356
569,1350
569,1215
569,225
570,68157
570,58559
570,79702
570,61240
570,7387
570,2324
570,555
570,553
570,551
570,2712
571,1222
571,1289
571,1252
571,1208
571,1175
571,1183
571,1178
571,111
571,750
571,1204
572,2067
572,1947
572,1939
572,1282
572,1944
572,938
572,918
572,905
572,800
572,1041
573,3949
573,741
573,68237
573,1274
573,5225
573,2788
573,1288
573,1223
573,1220
573,72226
574,1
574,367
574,377
574,50
574,457
574,39
574,356
574,500
574,364
574,590
575,1982
575,1246
575,1214
575,1278
575,1387
575,1997
575,2596
575,2806
575,3052
575,2829
576,58293
576,111
576,6502
576,27674
576,55391
576,53000
576,66320
576,1199
576,2572
576,2717
577,1080
577,1178
577,1238
577,1243
577,1248
577,1258
577,1333
577,1884
577,1934
577,1104
578,47629
578,37741
578,53000
578,61240
578,38061
578,1035
578,1968
578,6732
578,56782
578,2541
579,524
579,224
579,86
579,46
579,529
579,4995
579,1250
579,954
579,41566
579,7303
580,11
580,1962
580,1230
580,348
580,101
580,2797
580,475
580,1307
580,8132
580,2268
581,1172
581,6711
581,81591
581,79702
581,8950
581,364
581,588
581,899
581,2078
581,1682
582,8950
582,2078
582,1682
582,1193
582,899
582,588
582,364
582,4878
582,50
582,3147
583,998
583,7169
583,93320
583,71268
583,6796
583,4975
583,3949
583,2329
583,2137
583,1753
584,333
584,141
584,318
584,527
584,50
584,32
584,802
584,520
584,151
584,368
585,30707
585,73023
585,72011
585,7156
585,5630
585,5010
585,2324
585,1219
585,1208
585,80906
586,47099
586,8984
586,4148
586,2124
586,2023
586,1203
586,92259
586,71530
586,56171
586,4446
587,154
587,3030
587,866
587,3836
587,3334
587,3066
587,1283
587,595
587,945
587,936
588,19
588,11
588,69
588,315
588,493
588,595
588,587
588,597
588,151
588,34
589,1
589,14
589,608
589,17
589,34
589,236
589,110
589,457
589,589
589,260
590,8968
590,76093
590,74946
590,70183
590,69069
590,67618
590,66934
590,64969
590,91500
590,2249
591,1197
591,1093
591,1719
591,2318
591,1374
591,2791
591,233
591,2707
591,2560
591,2702
592,168
592,255
592,267
592,216
592,174
592,172
592,104
592,1
592,383
592,248
593,55820
593,1090
593,1274
593,3000
593,5618
593,6016
593,68237
593,69481
593,72226
593,741
594,1172
594,914
594,902
594,1339
594,915
594,918
594,971
594,1096
594,1
594,3000
595,2294
595,1214
595,1238
595,334
595,213
595,29
595,1089
595,2058
595,1942
595,3418
596,47099
596,745
596,185135
596,176601
596,174053
596,128360
596,53322
596,50804
596,172591
596,114935
597,2078
597,1178
597,1238
597,1934
597,2391
597,3730
597,3813
597,6460
597,111
597,2550
598,1035
598,471
598,339
598,31
598,34405
598,4886
598,116797
598,27611
598,1441
598,5444
599,1217
599,903
599,866
599,475
599,417
599,290
599,151
599,94
599,1277
599,1262
600,1203
600,1748
600,5903
600,7439
600,348
600,1266
600,3618
600,3677
600,4649
600,33162
601,139385
601,115149
601,88125
601,69844
601,54001
601,2078
601,4878
601,899
601,588
601,51662
602,594
602,491
602,223
602,7
602,376
602,497
602,595
602,111
602,265
602,305
603,2367
603,2522
603,3040
603,2241
603,2109
603,922
603,493
603,281
603,2259
603,104
604,468
604,431
604,82
604,15
604,16
604,195
604,207
604,246
604,319
604,163
605,3949
605,236
605,1046
605,5995
605,4787
605,1207
605,1961
605,2804
605,44199
605,53894
606,3549
606,3072
606,4495
606,5034
606,534
606,906
606,1177
606,2171
606,2295
606,2565
607,69
607,2841
607,2338
607,2278
607,1801
607,2763
607,1663
607,1641
607,1343
607,1792
608,920
608,74946
608,8968
608,58998
608,64969
608,66934
608,67618
608,69069
608,70183
608,2249
609,780
609,367
609,377
609,593
609,648
609,364
609,62
609,104
609,216
609,1356
610,3082
610,2949
610,2617
610,1722
610,364
610,588
610,485
610,19
610,1356
610,3175
